spring,track,clutchspeed,laptime,maxspeed,minspeed,avgspeed,F_Ride_AVG,R_Ride_AVG,F_Ride_MIN,R_Ride_MIN,F_Ride_MAX,R_Ride_MAX
100,1,8000,4.086,62.28,6.0003,41.052,1.2362,0.50641,0.76137,0.25754,2.0564,1.1689
105,1,8000,4.086,62.267,6.0003,41.048,1.2312,0.51895,0.76943,0.26611,2.0179,1.1736
110,1,8000,4.086,62.255,6.0003,41.046,1.2271,0.53142,0.77707,0.27509,1.983,1.1778
115,1,8000,4.086,62.244,6.0003,41.043,1.2237,0.54374,0.78433,0.28451,1.9514,1.1815
120,1,8000,4.086,62.233,6.0003,41.041,1.2209,0.55588,0.79124,0.29437,1.9225,1.1849
125,1,8000,4.086,62.222,6.0003,41.039,1.2186,0.56781,0.79787,0.30471,1.8959,1.1879
130,1,8000,4.086,62.213,6.0003,41.037,1.2168,0.57952,0.80424,0.31554,1.8715,1.1906
135,1,8000,4.086,62.204,6.0003,41.035,1.2154,0.59099,0.81037,0.32684,1.849,1.1931
140,1,8000,4.089,62.217,6.0003,41.05,1.2141,0.60202,0.81628,0.33834,1.8281,1.1954
145,1,8000,4.089,62.211,6.0003,41.049,1.2134,0.613,0.822,0.3506,1.8087,1.1975
150,1,8000,4.089,62.206,6.0003,41.048,1.213,0.62372,0.82753,0.36337,1.7907,1.1994
155,1,8000,4.089,62.202,6.0003,41.047,1.2129,0.63416,0.83289,0.37664,1.7738,1.2012
160,1,8000,4.089,62.199,6.0003,41.046,1.2131,0.64428,0.83809,0.39041,1.758,1.2029
165,1,8000,4.089,62.197,6.0003,41.046,1.2134,0.65408,0.84132,0.40464,1.7432,1.2044
170,1,8000,4.089,62.196,6.0003,41.045,1.214,0.66355,0.84499,0.41925,1.7293,1.2059
175,1,8000,4.089,62.195,6.0003,41.044,1.2146,0.67267,0.85,0.43416,1.7161,1.2072
180,1,8000,4.089,62.194,6.0003,41.043,1.2153,0.68144,0.85935,0.44919,1.7038,1.2085
185,1,8000,4.089,62.194,6.0003,41.043,1.216,0.68987,0.86902,0.46396,1.6921,1.2097
190,1,8000,4.089,62.193,6.0003,41.042,1.2166,0.69796,0.87859,0.47819,1.6811,1.2108
195,1,8000,4.089,62.192,6.0003,41.041,1.2172,0.70574,0.8877,0.49169,1.6706,1.2118
200,1,8000,4.089,62.191,6.0003,41.041,1.2177,0.71323,0.89608,0.50435,1.6606,1.2128
205,1,8000,4.089,62.189,6.0003,41.04,1.2182,0.72053,0.90371,0.51614,1.6512,1.2138
210,1,8000,4.089,62.188,6.0003,41.039,1.2187,0.72771,0.91073,0.5271,1.6422,1.2146
215,1,8000,4.089,62.187,6.0003,41.039,1.2192,0.73471,0.91728,0.53737,1.6336,1.2155
220,1,8000,4.089,62.186,6.0003,41.038,1.2197,0.74156,0.92346,0.5471,1.6255,1.2163
225,1,8000,4.089,62.183,6.0003,41.037,1.2201,0.74828,0.92936,0.55644,1.6177,1.2171
230,1,8000,4.089,62.182,6.0003,41.036,1.2206,0.75493,0.93498,0.56541,1.6103,1.2178
235,1,8000,4.089,62.181,6.0003,41.036,1.221,0.76169,0.94039,0.5741,1.6032,1.2185
240,1,8000,4.089,62.18,6.0003,41.035,1.2214,0.76861,0.94561,0.58256,1.5964,1.2191
245,1,8000,4.089,62.179,6.0003,41.035,1.2218,0.77556,0.95066,0.59083,1.5899,1.2198
250,1,8000,4.089,62.178,6.0003,41.034,1.2223,0.7824,0.95555,0.59894,1.5837,1.2204
255,1,8000,4.089,62.177,6.0003,41.033,1.2227,0.78907,0.96028,0.60693,1.5777,1.2209
260,1,8000,4.089,62.176,6.0003,41.033,1.2231,0.79557,0.96486,0.61483,1.5719,1.2215
265,1,8000,4.089,62.175,6.0003,41.032,1.2234,0.80189,0.96929,0.62265,1.5664,1.222
270,1,8000,4.089,62.175,6.0003,41.032,1.2238,0.80803,0.97357,0.6304,1.5611,1.2225
275,1,8000,4.089,62.174,6.0003,41.031,1.2242,0.81401,0.9777,0.63806,1.5559,1.223
280,1,8000,4.089,62.173,6.0003,41.031,1.2245,0.81987,0.9817,0.64561,1.551,1.2235
285,1,8000,4.089,62.173,6.0003,41.03,1.2249,0.8256,0.98557,0.65301,1.5462,1.224
290,1,8000,4.089,62.177,6.0003,41.039,1.2252,0.83111,0.98926,0.6602,1.5416,1.2244
295,1,8000,4.089,62.176,6.0003,41.038,1.2255,0.83662,0.99289,0.66726,1.5371,1.2248
300,1,8000,4.089,62.176,6.0003,41.037,1.2258,0.84201,0.99641,0.67413,1.5328,1.2252
305,1,8000,4.089,62.175,6.0003,41.037,1.2262,0.84729,0.99983,0.68081,1.5286,1.2256
310,1,8000,4.089,62.175,6.0003,41.036,1.2265,0.85243,1.0031,0.68729,1.5246,1.226
315,1,8000,4.089,62.175,6.0003,41.036,1.2268,0.85741,1.0064,0.69356,1.5207,1.2264
320,1,8000,4.089,62.174,6.0003,41.035,1.2271,0.86225,1.0095,0.69963,1.5169,1.2267
325,1,8000,4.089,62.174,6.0003,41.035,1.2274,0.86698,1.0126,0.7055,1.5132,1.227
330,1,8000,4.089,62.174,6.0003,41.034,1.2277,0.87162,1.0156,0.71117,1.5097,1.2274
335,1,8000,4.089,62.174,6.0003,41.034,1.228,0.87616,1.0185,0.71666,1.5062,1.2277
340,1,8000,4.089,62.173,6.0003,41.033,1.2283,0.88061,1.0213,0.72195,1.5029,1.228
345,1,8000,4.089,62.172,6.0003,41.032,1.2285,0.88498,1.0241,0.72709,1.4996,1.2283
350,1,8000,4.089,62.172,6.0003,41.032,1.2288,0.88927,1.0268,0.73205,1.4965,1.2286
355,1,8000,4.089,62.171,6.0003,41.031,1.2291,0.89348,1.0294,0.73686,1.4934,1.2289
360,1,8000,4.089,62.171,6.0003,41.031,1.2293,0.89761,1.032,0.74154,1.4904,1.2292
365,1,8000,4.089,62.17,6.0003,41.03,1.2296,0.90165,1.0345,0.74609,1.4875,1.2294
370,1,8000,4.089,62.17,6.0003,41.029,1.2298,0.9056,1.0369,0.75052,1.4847,1.2297
375,1,8000,4.089,62.17,6.0003,41.029,1.23,0.90946,1.0393,0.75484,1.4819,1.2299
380,1,8000,4.089,62.169,6.0003,41.028,1.2303,0.91326,1.0417,0.75905,1.4793,1.2302
385,1,8000,4.089,62.169,6.0003,41.028,1.2305,0.91699,1.0439,0.76317,1.4767,1.2304
390,1,8000,4.089,62.168,6.0003,41.027,1.2307,0.92066,1.0462,0.76719,1.4741,1.2306
395,1,8000,4.089,62.168,6.0003,41.026,1.2309,0.92427,1.0483,0.77113,1.4716,1.2309
400,1,8000,4.089,62.167,6.0003,41.026,1.2311,0.92782,1.0504,0.77498,1.4692,1.2311
405,1,8000,4.089,62.167,6.0003,41.025,1.2313,0.93131,1.0525,0.77875,1.4669,1.2313
410,1,8000,4.089,62.166,6.0003,41.025,1.2315,0.93474,1.0545,0.78245,1.4646,1.2315
415,1,8000,4.089,62.165,6.0003,41.024,1.2317,0.93812,1.0565,0.78607,1.4624,1.2317
420,1,8000,4.089,62.165,6.0003,41.024,1.2319,0.94145,1.0585,0.78962,1.4602,1.2319
425,1,8000,4.089,62.164,6.0003,41.023,1.2321,0.94473,1.0603,0.79311,1.458,1.2321
430,1,8000,4.089,62.163,6.0003,41.022,1.2323,0.94796,1.0622,0.79653,1.456,1.2323
435,1,8000,4.089,62.162,6.0003,41.022,1.2325,0.95115,1.064,0.79989,1.4539,1.2325
440,1,8000,4.089,62.162,6.0003,41.021,1.2327,0.95429,1.0658,0.80319,1.4519,1.2326
445,1,8000,4.089,62.161,6.0003,41.021,1.2328,0.95738,1.0675,0.80643,1.45,1.2328
450,1,8000,4.089,62.16,6.0003,41.02,1.233,0.96043,1.0692,0.80962,1.4481,1.233
455,1,8000,4.089,62.159,6.0003,41.019,1.2332,0.96344,1.0709,0.81276,1.4462,1.2332
460,1,8000,4.089,62.158,6.0003,41.019,1.2333,0.96641,1.0725,0.81584,1.4444,1.2333
465,1,8000,4.089,62.157,6.0003,41.018,1.2335,0.96934,1.0741,0.81887,1.4426,1.2335
470,1,8000,4.089,62.156,6.0003,41.018,1.2336,0.97222,1.0756,0.82296,1.4409,1.2336
475,1,8000,4.089,62.155,6.0003,41.017,1.2338,0.97504,1.0771,0.82769,1.4392,1.2338
480,1,8000,4.089,62.154,6.0003,41.016,1.2339,0.97779,1.0786,0.8323,1.4375,1.2339
485,1,8000,4.089,62.153,6.0003,41.016,1.2341,0.98047,1.0801,0.83678,1.4359,1.2341
490,1,8000,4.089,62.152,6.0003,41.015,1.2342,0.9831,1.0815,0.84116,1.4343,1.2342
495,1,8000,4.089,62.149,6.0003,41.015,1.2344,0.98566,1.0829,0.84543,1.4327,1.2344
500,1,8000,4.089,62.148,6.0003,41.014,1.2345,0.98817,1.0843,0.84959,1.4312,1.2345
505,1,8000,4.089,62.147,6.0003,41.014,1.2346,0.99061,1.0857,0.85364,1.4297,1.2346
510,1,8000,4.089,62.146,6.0003,41.013,1.2348,0.99301,1.087,0.85759,1.4282,1.2348
515,1,8000,4.089,62.144,6.0003,41.013,1.2349,0.99535,1.0883,0.86145,1.4268,1.2349
520,1,8000,4.089,62.143,6.0003,41.012,1.235,0.99764,1.0896,0.86522,1.4253,1.235
525,1,8000,4.089,62.141,6.0003,41.011,1.2351,0.99988,1.0908,0.8689,1.4239,1.2351
530,1,8000,4.089,62.14,6.0003,41.011,1.2353,1.0021,1.0921,0.87249,1.4226,1.2353
535,1,8000,4.089,62.138,6.0003,41.01,1.2354,1.0042,1.0933,0.876,1.4212,1.2354
540,1,8000,4.089,62.137,6.0003,41.01,1.2355,1.0063,1.0945,0.87943,1.4199,1.2355
545,1,8000,4.089,62.135,6.0003,41.009,1.2356,1.0084,1.0957,0.88278,1.4186,1.2356
550,1,8000,4.089,62.134,6.0003,41.009,1.2357,1.0104,1.0968,0.88606,1.4174,1.2357
555,1,8000,4.089,62.132,6.0003,41.008,1.2358,1.0124,1.098,0.88927,1.4161,1.2358
560,1,8000,4.089,62.131,6.0003,41.008,1.236,1.0143,1.0991,0.89241,1.4149,1.2359
565,1,8000,4.089,62.129,6.0003,41.007,1.2361,1.0162,1.1002,0.89548,1.4137,1.2361
570,1,8000,4.089,62.128,6.0003,41.007,1.2362,1.0181,1.1013,0.89848,1.4125,1.2362
575,1,8000,4.089,62.126,6.0003,41.006,1.2363,1.0199,1.1023,0.90142,1.4114,1.2363
580,1,8000,4.089,62.125,6.0003,41.006,1.2364,1.0217,1.1034,0.90431,1.4102,1.2364
585,1,8000,4.089,62.123,6.0003,41.005,1.2365,1.0234,1.1044,0.90713,1.4091,1.2365
590,1,8000,4.092,62.141,6.0003,41.02,1.2365,1.0251,1.1053,0.90974,1.408,1.2366
595,1,8000,4.092,62.139,6.0003,41.02,1.2366,1.0268,1.1063,0.91245,1.4069,1.2367
600,1,8000,4.092,62.138,6.0003,41.019,1.2367,1.0284,1.1073,0.91511,1.4059,1.2367
100,2,2500,4.452,26.419,26.291,26.307,1.3897,1.2537,1.3657,1.2401,1.4073,1.2743
105,2,2500,4.449,26.429,26.305,26.324,1.3761,1.245,1.3542,1.2329,1.3914,1.2645
110,2,2500,4.446,26.441,26.317,26.337,1.3639,1.2371,1.3431,1.2249,1.3802,1.2553
115,2,2500,4.446,26.452,26.328,26.348,1.3528,1.2298,1.3333,1.2187,1.3678,1.2467
120,2,2500,4.443,26.463,26.338,26.36,1.3429,1.2233,1.3311,1.2131,1.3563,1.2347
125,2,2500,4.443,26.472,26.347,26.37,1.3338,1.2173,1.3222,1.2078,1.3461,1.2284
130,2,2500,4.44,26.469,26.356,26.382,1.3257,1.2119,1.3148,1.2037,1.3369,1.2198
135,2,2500,4.437,26.492,26.369,26.392,1.318,1.2071,1.3017,1.1987,1.3303,1.2213
140,2,2500,4.437,26.499,26.381,26.404,1.3111,1.2028,1.3011,1.1951,1.3223,1.2123
145,2,2500,4.434,26.503,26.394,26.413,1.3046,1.199,1.2898,1.1914,1.3151,1.2121
150,2,2500,4.431,26.509,26.406,26.426,1.2987,1.1957,1.2895,1.1884,1.3082,1.2044
155,2,2500,4.431,26.506,26.418,26.437,1.2931,1.1927,1.2843,1.1852,1.3032,1.1995
160,2,2500,4.428,26.527,26.43,26.447,1.288,1.1903,1.2791,1.1828,1.2975,1.1987
165,2,2500,4.428,26.535,26.443,26.459,1.2832,1.1881,1.275,1.1817,1.2919,1.196
170,2,2500,4.425,26.536,26.455,26.47,1.2788,1.1863,1.2706,1.1806,1.2868,1.1942
175,2,2500,4.422,26.536,26.468,26.481,1.2746,1.1848,1.2669,1.1789,1.2822,1.1909
180,2,2500,4.422,26.557,26.483,26.495,1.2707,1.1836,1.2632,1.1778,1.2782,1.1908
185,2,2500,4.419,26.56,26.494,26.506,1.2671,1.1825,1.2597,1.1774,1.274,1.1895
190,2,2500,4.416,26.563,26.507,26.517,1.2637,1.1817,1.2567,1.177,1.2701,1.1875
195,2,2500,4.416,26.574,26.52,26.531,1.2606,1.181,1.2538,1.1773,1.265,1.1871
200,2,2500,4.413,26.586,26.536,26.545,1.2577,1.1803,1.2503,1.1769,1.2617,1.1867
205,2,2500,4.41,26.592,26.543,26.554,1.2549,1.1798,1.2469,1.1766,1.2587,1.1867
210,2,2500,4.407,26.6,26.559,26.571,1.2525,1.1793,1.2462,1.1764,1.2558,1.1843
215,2,2500,4.407,26.606,26.571,26.578,1.25,1.1789,1.2441,1.1763,1.2531,1.1835
220,2,2500,4.404,26.613,26.579,26.587,1.2478,1.1785,1.2424,1.176,1.2506,1.1826
225,2,2500,4.404,26.617,26.587,26.595,1.2456,1.1781,1.2405,1.1758,1.2484,1.1821
230,2,2500,4.401,26.624,26.601,26.609,1.2439,1.1778,1.239,1.1758,1.2461,1.1812
235,2,2500,4.401,26.628,26.612,26.615,1.242,1.1775,1.2386,1.1756,1.244,1.1798
240,2,2500,4.401,26.632,26.616,26.62,1.2402,1.1771,1.2365,1.1753,1.2423,1.1796
245,2,2500,4.398,26.637,26.62,26.623,1.2389,1.1767,1.2355,1.175,1.2424,1.1788
250,2,2500,4.398,26.635,26.62,26.623,1.2387,1.1763,1.2327,1.1743,1.242,1.1794
255,2,2500,4.401,26.635,26.619,26.622,1.2386,1.1759,1.234,1.1742,1.2412,1.1782
260,2,2500,4.401,26.635,26.619,26.622,1.2385,1.1755,1.2342,1.1738,1.2411,1.1777
265,2,2500,4.401,26.634,26.618,26.622,1.2384,1.1751,1.2344,1.1735,1.241,1.1771
270,2,2500,4.401,26.632,26.618,26.621,1.2384,1.1748,1.2339,1.1732,1.2409,1.177
275,2,2500,4.401,26.632,26.612,26.619,1.2383,1.1745,1.2331,1.1728,1.2409,1.1769
280,2,2500,4.401,26.632,26.608,26.616,1.2381,1.1742,1.233,1.1724,1.2409,1.1766
285,2,2500,4.401,26.63,26.605,26.613,1.238,1.1739,1.2329,1.1722,1.2409,1.1764
290,2,2500,4.401,26.63,26.603,26.611,1.2379,1.1736,1.233,1.1719,1.2408,1.1761
295,2,2500,4.401,26.63,26.601,26.609,1.2378,1.1734,1.233,1.1717,1.2408,1.1758
300,2,2500,4.401,26.628,26.599,26.606,1.2377,1.1732,1.233,1.1715,1.2405,1.1756
305,2,2500,4.401,26.628,26.599,26.605,1.2377,1.173,1.2331,1.171,1.2418,1.1754
310,2,2500,4.401,26.628,26.603,26.608,1.2378,1.1729,1.2328,1.1713,1.2405,1.1755
315,2,2500,4.401,26.626,26.599,26.607,1.2378,1.1728,1.2332,1.1712,1.2405,1.1751
320,2,2500,4.401,26.626,26.598,26.605,1.2378,1.1727,1.2327,1.1711,1.2405,1.1754
325,2,2500,4.404,26.626,26.596,26.604,1.2378,1.1727,1.2333,1.1711,1.2405,1.1749
330,2,2500,4.404,26.624,26.596,26.603,1.2378,1.1726,1.2333,1.171,1.2404,1.1748
335,2,2500,4.404,26.624,26.595,26.601,1.2378,1.1726,1.2328,1.171,1.2404,1.1752
340,2,2500,4.404,26.624,26.595,26.602,1.2378,1.1726,1.2335,1.171,1.2404,1.1747
345,2,2500,4.404,26.624,26.595,26.601,1.2378,1.1726,1.2329,1.1711,1.2404,1.1751
350,2,2500,4.404,26.622,26.594,26.6,1.2378,1.1726,1.2329,1.1711,1.2404,1.1753
355,2,2500,4.404,26.622,26.595,26.601,1.2378,1.173,1.2328,1.1712,1.2404,1.1767
360,2,2500,4.401,26.628,26.6,26.607,1.2378,1.1743,1.2333,1.1723,1.2403,1.1776
365,2,2500,4.401,26.632,26.61,26.617,1.238,1.1756,1.2339,1.1737,1.2402,1.1784
370,2,2500,4.398,26.637,26.623,26.626,1.2381,1.1768,1.2343,1.1752,1.2401,1.1792
375,2,2500,4.398,26.642,26.627,26.631,1.2381,1.178,1.2352,1.1764,1.2399,1.1798
380,2,2500,4.398,26.646,26.633,26.637,1.2383,1.1791,1.2357,1.1777,1.2398,1.1806
385,2,2500,4.398,26.651,26.632,26.635,1.2387,1.1803,1.2374,1.1791,1.2399,1.1817
390,2,2500,4.401,26.655,26.616,26.622,1.239,1.1816,1.2372,1.1798,1.2404,1.1842
395,2,2500,4.398,26.66,26.63,26.634,1.2389,1.1826,1.2372,1.1812,1.2399,1.185
400,2,2500,4.395,26.664,26.643,26.646,1.2388,1.1835,1.2376,1.1823,1.2397,1.1853
405,2,2500,4.395,26.668,26.65,26.652,1.2387,1.1844,1.2378,1.1834,1.2396,1.1859
410,2,2500,4.392,26.672,26.657,26.659,1.2387,1.1853,1.2377,1.1844,1.2394,1.1865
415,2,2500,4.392,26.676,26.665,26.667,1.2386,1.1862,1.2378,1.1854,1.2393,1.1869
420,2,2500,4.392,26.679,26.671,26.673,1.2386,1.187,1.2377,1.1864,1.2392,1.1876
425,2,2500,4.389,26.683,26.676,26.678,1.2385,1.1879,1.2379,1.1873,1.2391,1.1884
430,2,2500,4.389,26.687,26.681,26.683,1.2385,1.1887,1.2378,1.1882,1.239,1.1891
435,2,2500,4.389,26.69,26.686,26.688,1.2384,1.1895,1.2374,1.1888,1.2389,1.1899
440,2,2500,4.389,26.694,26.691,26.692,1.2383,1.1902,1.2373,1.1897,1.2388,1.1907
445,2,2500,4.386,26.698,26.694,26.696,1.2382,1.191,1.2372,1.1905,1.2388,1.1915
450,2,2500,4.386,26.7,26.697,26.699,1.2382,1.1917,1.2371,1.1912,1.2387,1.1923
455,2,2500,4.386,26.704,26.699,26.702,1.2382,1.1924,1.2371,1.1919,1.2387,1.193
460,2,2500,4.386,26.707,26.703,26.705,1.2381,1.1931,1.2372,1.1927,1.2387,1.1936
465,2,2500,4.386,26.71,26.705,26.707,1.2381,1.1938,1.2372,1.1934,1.2386,1.1943
470,2,2500,4.386,26.713,26.707,26.709,1.2381,1.1945,1.237,1.194,1.2386,1.1951
475,2,2500,4.386,26.717,26.709,26.711,1.238,1.1951,1.2371,1.1947,1.2386,1.1957
480,2,2500,4.386,26.719,26.71,26.713,1.238,1.1957,1.2371,1.1953,1.2385,1.1963
485,2,2500,4.383,26.721,26.713,26.714,1.238,1.1963,1.237,1.196,1.2385,1.1969
490,2,2500,4.383,26.723,26.714,26.716,1.238,1.1969,1.237,1.1966,1.2385,1.1975
495,2,2500,4.383,26.726,26.717,26.718,1.238,1.1975,1.2369,1.1972,1.2384,1.1982
500,2,2500,4.383,26.728,26.717,26.72,1.238,1.1981,1.2368,1.1978,1.2384,1.1988
505,2,2500,4.383,26.728,26.717,26.719,1.238,1.1986,1.2369,1.1983,1.2384,1.1993
510,2,2500,4.383,26.73,26.717,26.719,1.2379,1.1992,1.2369,1.1988,1.2384,1.1998
515,2,2500,4.383,26.73,26.717,26.719,1.2379,1.1997,1.2369,1.1994,1.2384,1.2004
520,2,2500,4.383,26.732,26.715,26.718,1.2379,1.2002,1.2368,1.1999,1.2384,1.201
525,2,2500,4.383,26.732,26.714,26.718,1.2379,1.2007,1.2368,1.2004,1.2384,1.2015
530,2,2500,4.383,26.732,26.712,26.717,1.2379,1.2012,1.2369,1.2009,1.2384,1.2019
535,2,2500,4.383,26.734,26.714,26.718,1.2379,1.2017,1.2369,1.2014,1.2384,1.2024
540,2,2500,4.383,26.734,26.717,26.721,1.2379,1.2022,1.237,1.2019,1.2384,1.2028
545,2,2500,4.383,26.734,26.716,26.72,1.2379,1.2026,1.2368,1.2023,1.2383,1.2034
550,2,2500,4.383,26.734,26.715,26.718,1.2379,1.2031,1.2367,1.2028,1.2384,1.204
555,2,2500,4.383,26.734,26.713,26.718,1.2379,1.2036,1.2368,1.2032,1.2384,1.2043
560,2,2500,4.383,26.734,26.711,26.716,1.2379,1.204,1.2368,1.2036,1.2384,1.2047
565,2,2500,4.386,26.721,26.711,26.713,1.2379,1.2044,1.2369,1.2041,1.2384,1.2051
570,2,2500,4.386,26.721,26.708,26.712,1.2379,1.2048,1.2369,1.2045,1.2384,1.2055
575,2,2500,4.386,26.721,26.709,26.711,1.2379,1.2052,1.2368,1.2048,1.2385,1.206
580,2,2500,4.386,26.721,26.707,26.71,1.2379,1.2056,1.2369,1.2053,1.2384,1.2064
585,2,2500,4.386,26.721,26.704,26.708,1.2379,1.206,1.2369,1.2057,1.2384,1.2068
590,2,2500,4.386,26.721,26.703,26.706,1.2379,1.2064,1.2369,1.2061,1.2384,1.2071
595,2,2500,4.386,26.723,26.702,26.706,1.2379,1.2068,1.2369,1.2064,1.2384,1.2076
600,2,2500,4.386,26.726,26.701,26.705,1.2379,1.2072,1.237,1.2068,1.2384,1.2079
100,3,2500,55.389,71.819,16.528,38.159,1.1559,0.95861,0.2725,0.17397,1.7455,1.9854
105,3,2500,55.374,71.797,16.537,38.17,1.1527,0.95647,0.27843,0.17928,1.7214,1.9259
110,3,2500,55.356,71.808,16.546,38.182,1.1501,0.95524,0.28337,0.18459,1.6995,1.8907
115,3,2500,55.338,71.798,16.553,38.194,1.1478,0.95477,0.28755,0.19039,1.6785,1.8772
120,3,2500,55.32,71.782,16.557,38.207,1.146,0.95485,0.29403,0.19657,1.6604,1.8617
125,3,2500,55.305,71.777,16.559,38.217,1.1446,0.95553,0.29716,0.20293,1.6441,1.8285
130,3,2500,55.299,71.769,16.561,38.222,1.1434,0.95653,0.31246,0.20952,1.6304,1.8005
135,3,2500,55.281,71.757,16.564,38.233,1.1424,0.95791,0.3179,0.21629,1.6155,1.792
140,3,2500,55.287,71.735,16.564,38.229,1.1418,0.95944,0.32407,0.22337,1.6025,1.7705
145,3,2500,55.263,71.724,16.564,38.246,1.1413,0.9612,0.33208,0.23066,1.5909,1.7367
150,3,2500,55.254,71.727,16.561,38.253,1.1409,0.96335,0.33703,0.2382,1.5796,1.7575
155,3,2500,55.257,71.648,16.559,38.25,1.1405,0.96594,0.33807,0.24695,1.5701,1.7473
160,3,2500,55.251,71.632,16.557,38.254,1.1404,0.96823,0.34905,0.25526,1.5606,1.7243
165,3,2500,55.23,71.613,16.555,38.268,1.1405,0.97073,0.35819,0.26389,1.5504,1.7125
170,3,2500,55.227,71.592,16.553,38.27,1.1407,0.9731,0.36058,0.27282,1.5416,1.6961
175,3,2500,55.212,71.601,16.548,38.281,1.1407,0.97592,0.36931,0.28181,1.5278,1.6679
180,3,2500,55.2,71.589,16.544,38.29,1.1409,0.97864,0.37849,0.29148,1.5261,1.6556
185,3,2500,55.194,71.552,16.539,38.294,1.1413,0.9813,0.38523,0.30189,1.5191,1.6279
190,3,2500,55.188,71.559,16.535,38.298,1.1416,0.98422,0.39289,0.31184,1.5129,1.6165
195,3,2500,55.179,71.507,16.531,38.304,1.1419,0.98709,0.40212,0.32335,1.5036,1.6423
200,3,2500,55.161,71.477,16.526,38.316,1.1424,0.98993,0.41899,0.33475,1.5,1.6442
205,3,2500,55.161,71.48,16.522,38.316,1.1429,0.99283,0.41744,0.34598,1.4942,1.6384
210,3,2500,55.143,71.497,16.52,38.33,1.1433,0.99572,0.42668,0.35717,1.4889,1.5839
215,3,2500,55.14,71.447,16.52,38.331,1.1439,0.99856,0.44279,0.37005,1.4837,1.6179
220,3,2500,55.128,71.44,16.52,38.34,1.1445,1.0014,0.44916,0.38241,1.4784,1.6085
225,3,2500,55.119,71.447,16.52,38.345,1.1451,1.0043,0.45263,0.39483,1.4737,1.5976
230,3,2500,55.113,71.436,16.518,38.351,1.1458,1.007,0.46166,0.4078,1.4693,1.5744
235,3,2500,55.11,71.445,16.518,38.352,1.1464,1.0099,0.47163,0.42033,1.4651,1.5784
240,3,2500,55.11,71.432,16.518,38.352,1.1472,1.0126,0.47898,0.43317,1.4593,1.5696
245,3,2500,55.092,71.445,16.513,38.365,1.1478,1.0154,0.48194,0.44312,1.4566,1.5588
250,3,2500,55.095,71.423,16.507,38.363,1.1486,1.018,0.49138,0.45263,1.453,1.5592
255,3,2500,55.086,71.449,16.498,38.369,1.1493,1.0207,0.49869,0.46133,1.4478,1.5546
260,3,2500,55.092,71.415,16.489,38.364,1.1501,1.0233,0.50355,0.47089,1.4444,1.5287
265,3,2500,55.095,71.484,16.481,38.362,1.1508,1.0259,0.51279,0.47872,1.4432,1.5275
270,3,2500,55.08,71.444,16.474,38.372,1.1515,1.0284,0.52018,0.48776,1.4374,1.5311
275,3,2500,55.068,71.452,16.465,38.381,1.1523,1.0308,0.52593,0.49602,1.4358,1.5227
280,3,2500,55.077,71.439,16.457,38.375,1.1531,1.0333,0.53446,0.50455,1.433,1.5142
285,3,2500,55.062,71.439,16.448,38.386,1.1539,1.0355,0.53875,0.51287,1.4298,1.5104
290,3,2500,55.062,71.467,16.439,38.385,1.1546,1.0379,0.54395,0.52087,1.4271,1.5104
295,3,2500,55.068,71.484,16.432,38.382,1.1555,1.0402,0.55335,0.52871,1.4245,1.4988
300,3,2500,55.077,71.455,16.424,38.375,1.1562,1.0426,0.55956,0.53726,1.4218,1.4983
305,3,2500,55.056,71.463,16.415,38.39,1.157,1.0448,0.56523,0.54519,1.419,1.4987
310,3,2500,55.053,71.517,16.406,38.391,1.1578,1.0469,0.57226,0.55255,1.4167,1.4844
315,3,2500,55.071,71.47,16.375,38.38,1.1586,1.0493,0.57834,0.56089,1.4147,1.478
320,3,2500,55.053,71.477,16.391,38.392,1.1594,1.0512,0.58384,0.56844,1.4115,1.4802
325,3,2500,55.05,71.481,16.382,38.394,1.1602,1.0534,0.58909,0.57603,1.4091,1.4823
330,3,2500,55.056,71.507,16.373,38.39,1.161,1.0555,0.59511,0.58308,1.4072,1.4798
335,3,2500,55.068,71.514,16.367,38.382,1.1619,1.0575,0.60022,0.59029,1.4034,1.4768
340,3,2500,55.059,71.51,16.358,38.388,1.1627,1.0594,0.60443,0.59753,1.4028,1.4658
345,3,2500,55.056,71.527,16.349,38.39,1.1634,1.0614,0.611,0.60416,1.4006,1.4677
350,3,2500,55.05,71.514,16.343,38.393,1.1642,1.0633,0.61576,0.61107,1.3987,1.4653
355,3,2500,55.053,71.539,16.334,38.392,1.165,1.0652,0.62098,0.61743,1.397,1.4595
360,3,2500,55.053,71.536,16.325,38.392,1.1658,1.0671,0.62916,0.62362,1.3949,1.4589
365,3,2500,55.044,71.557,16.319,38.399,1.1665,1.0688,0.63385,0.62951,1.3932,1.4562
370,3,2500,55.047,71.556,16.31,38.396,1.1673,1.0707,0.63932,0.63547,1.3911,1.4523
375,3,2500,55.047,71.551,16.304,38.396,1.1681,1.0724,0.63948,0.64136,1.3896,1.4526
380,3,2500,55.065,71.519,16.295,38.383,1.1689,1.0743,0.64729,0.64725,1.388,1.4444
385,3,2500,55.068,71.525,16.288,38.381,1.1696,1.0761,0.65226,0.65252,1.3866,1.4487
390,3,2500,55.062,71.556,16.28,38.386,1.1703,1.0777,0.65067,0.65746,1.3849,1.4472
395,3,2500,55.059,71.556,16.273,38.387,1.1709,1.0795,0.65362,0.66269,1.3832,1.4421
400,3,2500,55.056,71.557,16.264,38.39,1.1717,1.081,0.66459,0.66754,1.3819,1.4379
405,3,2500,55.053,71.539,16.258,38.392,1.1724,1.0827,0.67173,0.67263,1.3804,1.4359
410,3,2500,55.071,71.541,16.249,38.38,1.1731,1.0845,0.6756,0.6774,1.3788,1.4329
415,3,2500,55.074,71.549,16.242,38.378,1.1738,1.086,0.67702,0.68231,1.3777,1.4316
420,3,2500,55.077,71.549,16.234,38.374,1.1744,1.0877,0.68073,0.6878,1.3762,1.4388
425,3,2500,55.089,71.541,16.227,38.366,1.1751,1.0893,0.68413,0.69308,1.3749,1.4308
430,3,2500,55.08,71.558,16.196,38.373,1.1758,1.0907,0.68828,0.69803,1.3727,1.4343
435,3,2500,55.083,71.564,16.212,38.371,1.1764,1.0922,0.69289,0.70294,1.3723,1.431
440,3,2500,55.086,71.564,16.205,38.369,1.177,1.0938,0.69316,0.70794,1.371,1.4293
445,3,2500,55.08,71.574,16.197,38.374,1.1776,1.0951,0.70058,0.71272,1.3698,1.4261
450,3,2500,55.08,71.569,16.19,38.373,1.1782,1.0966,0.70191,0.71761,1.3687,1.4257
455,3,2500,55.08,71.546,16.183,38.373,1.1788,1.0981,0.70914,0.72256,1.3676,1.423
460,3,2500,55.092,71.571,16.153,38.364,1.1794,1.0995,0.71272,0.72697,1.3663,1.423
465,3,2500,55.086,71.57,16.168,38.368,1.1799,1.1009,0.71787,0.73155,1.3655,1.4217
470,3,2500,55.083,71.565,16.162,38.37,1.1804,1.1022,0.71653,0.73601,1.3644,1.4136
475,3,2500,55.095,71.572,16.155,38.363,1.1809,1.1036,0.7246,0.74035,1.3634,1.4125
480,3,2500,55.098,71.569,16.146,38.36,1.1814,1.105,0.72262,0.74462,1.3623,1.4094
485,3,2500,55.08,71.57,16.14,38.372,1.182,1.1062,0.73036,0.74878,1.3613,1.4103
490,3,2500,55.089,71.578,16.133,38.367,1.1825,1.1075,0.73657,0.75265,1.3603,1.4106
495,3,2500,55.089,71.577,16.127,38.367,1.183,1.1087,0.73837,0.75649,1.3595,1.4087
500,3,2500,55.095,71.581,16.096,38.362,1.1835,1.1099,0.74018,0.7602,1.3585,1.4149
505,3,2500,55.083,71.6,16.111,38.372,1.1839,1.1111,0.74402,0.76356,1.3576,1.4055
510,3,2500,55.083,71.603,16.105,38.371,1.1844,1.1123,0.74566,0.7671,1.3565,1.4034
515,3,2500,55.098,71.586,16.098,38.361,1.1848,1.1136,0.74946,0.77067,1.3557,1.4057
520,3,2500,55.095,71.587,16.092,38.363,1.1853,1.1147,0.75274,0.77395,1.3547,1.405
525,3,2500,55.086,71.586,16.085,38.368,1.1857,1.1158,0.75879,0.77713,1.354,1.403
530,3,2500,55.08,71.589,16.079,38.372,1.1862,1.1169,0.7617,0.78036,1.3533,1.4014
535,3,2500,55.092,71.587,16.048,38.364,1.1866,1.118,0.76373,0.78348,1.3509,1.404
540,3,2500,55.074,71.596,16.063,38.378,1.1871,1.1189,0.76352,0.78652,1.3516,1.3986
545,3,2500,55.077,71.595,16.057,38.375,1.1874,1.1201,0.76822,0.78942,1.3509,1.3997
550,3,2500,55.077,71.607,16.05,38.376,1.1879,1.121,0.77249,0.79232,1.3476,1.4001
555,3,2500,55.068,71.593,16.044,38.381,1.1882,1.122,0.77762,0.79524,1.3493,1.3905
560,3,2500,55.083,71.596,16.037,38.371,1.1886,1.1231,0.77972,0.79809,1.3486,1.3894
565,3,2500,55.077,71.604,16.03,38.375,1.189,1.1241,0.78139,0.80084,1.3477,1.3866
570,3,2500,55.077,71.595,16.024,38.376,1.1894,1.1251,0.78782,0.80359,1.3471,1.3874
575,3,2500,55.059,71.601,16.017,38.389,1.1897,1.126,0.78898,0.80639,1.3463,1.3843
580,3,2500,55.056,71.61,16.011,38.389,1.1901,1.1269,0.79157,0.80957,1.3457,1.3854
585,3,2500,55.065,71.606,16.004,38.383,1.1905,1.1279,0.79373,0.81336,1.3449,1.3855
590,3,2500,55.05,71.603,15.998,38.394,1.1908,1.1287,0.79653,0.81699,1.3443,1.3863
595,3,2500,55.047,71.611,15.991,38.396,1.1912,1.1296,0.80104,0.82045,1.3436,1.3841
600,3,2500,55.059,71.608,15.985,38.389,1.1915,1.1305,0.80055,0.82399,1.343,1.384
100,4,2500,115.65,77.75,14.988,40.68,1.1136,0.89711,0.20521,0.12358,1.7617,1.9387
105,4,2500,115.56,77.756,14.997,40.71,1.1109,0.89529,0.21441,0.12662,1.7334,1.9106
110,4,2500,115.58,77.765,15.006,40.705,1.1089,0.89391,0.22156,0.12976,1.7192,1.8622
115,4,2500,115.54,77.772,15.012,40.719,1.1072,0.89357,0.23024,0.13304,1.6936,1.8351
120,4,2500,115.6,77.777,15.02,40.695,1.1061,0.89378,0.23174,0.13647,1.6683,1.7992
125,4,2500,115.62,77.782,15.027,40.691,1.1056,0.89386,0.24445,0.14005,1.6582,1.7768
130,4,2500,115.56,77.787,15.034,40.711,1.1046,0.89512,0.24562,0.1438,1.6419,1.7306
135,4,2500,115.56,77.792,15.039,40.712,1.1047,0.89565,0.26231,0.14773,1.6273,1.7617
140,4,2500,115.54,77.794,15.041,40.718,1.1044,0.89726,0.27227,0.1519,1.6144,1.7012
145,4,2500,115.57,77.792,15.041,40.706,1.1045,0.89925,0.27087,0.1563,1.6025,1.6847
150,4,2500,115.58,77.79,15.043,40.704,1.1044,0.9018,0.27828,0.16097,1.5903,1.6712
155,4,2500,115.58,77.788,15.041,40.704,1.105,0.90383,0.28489,0.16589,1.5721,1.6593
160,4,2500,115.56,77.783,15.041,40.71,1.1053,0.90621,0.28973,0.17113,1.5681,1.6451
165,4,2500,115.61,77.772,15.038,40.694,1.106,0.90885,0.29299,0.17672,1.5603,1.6571
170,4,2500,115.58,77.756,15.037,40.704,1.1066,0.91142,0.3045,0.18267,1.5512,1.6172
175,4,2500,115.6,77.743,15.034,40.695,1.1074,0.91415,0.30864,0.18889,1.5427,1.6482
180,4,2500,115.58,77.732,15.03,40.704,1.1082,0.91691,0.31284,0.19533,1.5339,1.6499
185,4,2500,115.6,77.712,15.003,40.695,1.109,0.91994,0.31618,0.20202,1.5281,1.6076
190,4,2500,115.57,77.692,15.023,40.707,1.1097,0.92299,0.32967,0.2088,1.5208,1.599
195,4,2500,115.61,77.67,15.019,40.692,1.1108,0.92608,0.33391,0.21579,1.5129,1.5855
200,4,2500,115.58,77.654,15.015,40.701,1.1117,0.92907,0.33304,0.22293,1.5066,1.5845
205,4,2500,115.64,77.632,15.012,40.68,1.1127,0.93251,0.33661,0.23041,1.5011,1.5523
210,4,2500,115.61,77.61,15.012,40.694,1.1135,0.93578,0.34917,0.23816,1.496,1.5441
215,4,2500,115.65,77.587,15.012,40.678,1.1145,0.93906,0.34898,0.24618,1.4905,1.5411
220,4,2500,115.67,77.557,15.01,40.673,1.1154,0.9425,0.36098,0.25459,1.48,1.5303
225,4,2500,115.69,77.534,15.004,40.666,1.1165,0.9457,0.36501,0.26319,1.4752,1.5406
230,4,2500,115.67,77.512,14.997,40.672,1.1175,0.9489,0.36828,0.27209,1.4751,1.5518
235,4,2500,115.7,77.489,14.99,40.661,1.1185,0.95238,0.37904,0.28128,1.4705,1.5389
240,4,2500,115.68,77.477,14.982,40.669,1.1194,0.95557,0.38719,0.29061,1.4667,1.5455
245,4,2500,115.72,77.447,14.975,40.654,1.1205,0.9588,0.38169,0.30052,1.4624,1.5096
250,4,2500,115.73,77.427,14.967,40.652,1.1214,0.96219,0.38976,0.31054,1.4546,1.5061
255,4,2500,115.7,77.408,14.96,40.662,1.1226,0.96502,0.41084,0.32079,1.4547,1.503
260,4,2500,115.74,77.393,14.951,40.645,1.1234,0.9685,0.41937,0.33127,1.4473,1.5023
265,4,2500,115.78,77.376,14.945,40.634,1.1244,0.97185,0.40657,0.34202,1.4432,1.4966
270,4,2500,115.79,77.361,14.936,40.631,1.1254,0.975,0.43525,0.35298,1.4434,1.4919
275,4,2500,115.78,77.348,14.927,40.634,1.1264,0.97782,0.442,0.3641,1.4405,1.4827
280,4,2500,115.77,77.338,14.92,40.636,1.1275,0.98081,0.43539,0.37534,1.4375,1.4798
285,4,2500,115.79,77.33,14.912,40.628,1.1283,0.9843,0.44163,0.38668,1.4341,1.485
290,4,2500,115.81,77.321,14.903,40.622,1.1293,0.98729,0.44448,0.39807,1.4314,1.4804
295,4,2500,115.79,77.318,14.895,40.63,1.1302,0.99007,0.455,0.4093,1.4282,1.4672
300,4,2500,115.78,77.314,14.888,40.634,1.131,0.99315,0.462,0.42028,1.4255,1.4748
305,4,2500,115.8,77.309,14.879,40.625,1.1322,0.99588,0.46562,0.4299,1.4228,1.4703
310,4,2500,115.85,77.308,14.87,40.611,1.1331,0.99913,0.47287,0.43845,1.4199,1.4673
315,4,2500,115.86,77.305,14.862,40.605,1.1342,1.0018,0.47582,0.44682,1.4179,1.4631
320,4,2500,115.83,77.305,14.855,40.615,1.1351,1.0046,0.48361,0.45507,1.4156,1.4691
325,4,2500,115.85,77.306,14.846,40.607,1.1362,1.0074,0.48227,0.46327,1.4126,1.4673
330,4,2500,115.86,77.306,14.838,40.604,1.1372,1.0099,0.48614,0.47147,1.411,1.464
335,4,2500,115.89,77.306,14.831,40.595,1.1381,1.0128,0.4928,0.47962,1.4085,1.4628
340,4,2500,115.87,77.306,14.822,40.6,1.1391,1.0153,0.49943,0.48766,1.4064,1.4606
345,4,2500,115.9,77.305,14.814,40.59,1.1401,1.0179,0.51223,0.49542,1.4042,1.4577
350,4,2500,115.91,77.303,14.807,40.586,1.1411,1.0204,0.51577,0.5029,1.4025,1.4532
355,4,2500,115.92,77.302,14.799,40.583,1.142,1.023,0.52023,0.51027,1.4002,1.4502
360,4,2500,115.91,77.297,14.789,40.585,1.1429,1.0254,0.53694,0.51773,1.3985,1.4465
365,4,2500,115.93,77.296,14.783,40.582,1.1438,1.0279,0.54508,0.52495,1.3965,1.4439
370,4,2500,115.96,77.294,14.774,40.571,1.1447,1.0303,0.55057,0.53215,1.3946,1.441
375,4,2500,115.96,77.291,14.744,40.57,1.1456,1.0327,0.54612,0.53936,1.3932,1.4382
380,4,2500,115.97,77.292,14.759,40.569,1.1464,1.035,0.54225,0.54592,1.3914,1.4368
385,4,2500,115.95,77.289,14.75,40.572,1.1473,1.0371,0.54735,0.55281,1.3875,1.4328
390,4,2500,115.94,77.286,14.744,40.577,1.1481,1.0393,0.55415,0.55974,1.3881,1.4307
395,4,2500,115.96,77.283,14.735,40.569,1.1491,1.0414,0.55842,0.56646,1.386,1.4279
400,4,2500,115.97,77.279,14.729,40.566,1.1499,1.0435,0.56651,0.57334,1.3853,1.4261
405,4,2500,115.97,77.277,14.72,40.566,1.1507,1.0457,0.57163,0.5798,1.3836,1.4232
410,4,2500,115.97,77.279,14.713,40.566,1.1515,1.0476,0.57651,0.58573,1.3824,1.4208
415,4,2500,115.98,77.273,14.704,40.561,1.1522,1.0498,0.5928,0.59229,1.3808,1.419
420,4,2500,115.97,77.27,14.698,40.565,1.1529,1.0518,0.59007,0.59839,1.3796,1.4169
425,4,2500,115.98,77.268,14.689,40.562,1.1537,1.0537,0.6017,0.60426,1.378,1.4148
430,4,2500,115.99,77.269,14.682,40.561,1.1544,1.0556,0.5963,0.6099,1.3769,1.413
435,4,2500,116.01,77.267,14.674,40.553,1.1552,1.0575,0.60143,0.61546,1.3755,1.412
440,4,2500,116.03,77.266,14.667,40.546,1.156,1.0594,0.6058,0.62087,1.3742,1.4116
445,4,2500,116.06,77.262,14.661,40.534,1.1568,1.061,0.60954,0.6262,1.3729,1.4114
450,4,2500,116.08,77.261,14.652,40.527,1.1576,1.0628,0.61526,0.63129,1.3718,1.4134
455,4,2500,116.07,77.26,14.645,40.532,1.1583,1.0645,0.61938,0.63627,1.3707,1.4133
460,4,2500,116.09,77.261,14.637,40.522,1.159,1.0663,0.6278,0.64102,1.3681,1.4115
465,4,2500,116.06,77.258,14.63,40.534,1.1596,1.0678,0.62778,0.64579,1.3685,1.4092
470,4,2500,116.07,77.26,14.624,40.53,1.1602,1.0696,0.63734,0.65031,1.3675,1.4078
475,4,2500,116.12,77.258,14.615,40.516,1.161,1.0712,0.6427,0.65482,1.3664,1.4065
480,4,2500,116.11,77.256,14.608,40.517,1.1617,1.0726,0.64316,0.65926,1.3652,1.4035
485,4,2500,116.13,77.252,14.602,40.511,1.1623,1.0742,0.6441,0.66379,1.3642,1.4022
490,4,2500,116.13,77.251,14.593,40.51,1.1629,1.0758,0.6449,0.66798,1.3623,1.3997
495,4,2500,116.12,77.25,14.586,40.516,1.1636,1.0772,0.64628,0.67256,1.3624,1.3987
500,4,2500,116.13,77.251,14.58,40.51,1.1641,1.0787,0.64448,0.67697,1.3602,1.3974
505,4,2500,116.12,77.25,14.55,40.512,1.1647,1.0801,0.64795,0.68136,1.3593,1.395
510,4,2500,116.15,77.249,14.565,40.502,1.1654,1.0815,0.67387,0.68561,1.3595,1.3945
515,4,2500,116.17,77.248,14.558,40.497,1.1661,1.0828,0.67695,0.68979,1.3584,1.3922
520,4,2500,116.15,77.248,14.552,40.503,1.1665,1.0843,0.67871,0.69395,1.3577,1.3906
525,4,2500,116.17,77.248,14.521,40.498,1.1672,1.0856,0.68249,0.6981,1.3559,1.3892
530,4,2500,116.19,77.248,14.536,40.49,1.1678,1.0869,0.68559,0.70223,1.3559,1.3874
535,4,2500,116.18,77.248,14.53,40.495,1.1682,1.0883,0.69006,0.7063,1.355,1.3862
540,4,2500,116.21,77.247,14.523,40.482,1.1689,1.0896,0.69336,0.71037,1.3541,1.3847
545,4,2500,116.21,77.248,14.516,40.484,1.1694,1.0908,0.6965,0.71435,1.3534,1.3832
550,4,2500,116.2,77.248,14.486,40.488,1.17,1.0919,0.70379,0.71828,1.3528,1.3817
555,4,2500,116.23,77.248,14.501,40.476,1.1705,1.0932,0.70845,0.72213,1.3506,1.38
560,4,2500,116.24,77.248,14.495,40.472,1.171,1.0945,0.7111,0.72592,1.3511,1.3783
565,4,2500,116.25,77.248,14.488,40.468,1.1715,1.0956,0.71449,0.72959,1.3505,1.377
570,4,2500,116.24,77.249,14.482,40.471,1.172,1.0967,0.71754,0.73317,1.3497,1.3756
575,4,2500,116.24,77.249,14.475,40.471,1.1725,1.0979,0.71621,0.73664,1.3463,1.3746
580,4,2500,116.27,77.251,14.445,40.462,1.173,1.099,0.7213,0.74005,1.3482,1.3732
585,4,2500,116.3,77.252,14.46,40.453,1.1736,1.1001,0.72494,0.74335,1.3476,1.3719
590,4,2500,116.26,77.253,14.453,40.467,1.174,1.1011,0.72967,0.74657,1.3465,1.3707
595,4,2500,116.26,77.254,14.447,40.467,1.1744,1.1022,0.73275,0.74971,1.3463,1.3696
600,4,2500,116.25,77.255,14.44,40.469,1.1748,1.1033,0.73472,0.75277,1.3457,1.3684
